{
    "$schema": "http://schema.management.azure.com/schemas/2015-01-01/deploymentTemplate.json#",
    "contentVersion": "1.0.0.0",
    "parameters": {
        "location": {
            "type": "string"
        },
        "vNETGroupName": {
            "type": "string"
        },
        "virtualMachineName": {
            "type": "string"
        },
        "virtualMachineSize": {
            "type": "string"
        },
        "adminUsername": {
            "type": "string"
        },
        "virtualNetworkName": {
            "type": "string"
        },
        "adminPassword": {
            "type": "securestring"
        },
        "subnetName": {
            "type": "string"
        },
        "addPublicIP": {
            "type": "bool",
            "defaultValue": false
        }
    },
    "variables": {
        "vnetId": "[resourceId(parameters('vNETGroupName'),'Microsoft.Network/virtualNetworks', parameters('virtualNetworkName'))]",
        "subnetRef": "[concat(variables('vnetId'), '/subnets/', parameters('subnetName'))]",
        "networkInterfaceName": "[concat(parameters('virtualMachineName'),'-NIC01')]",
        "publicIPAddressType": "Dynamic",
        "publicIPName": "[concat(parameters('virtualMachineName'),'-pip')]",
        "publicIP":{"id":"[resourceId('Microsoft.Network/publicIPAddresses',variables('publicIPName'))]"}
    },
    "resources": [
        {
            "condition": "[parameters('addPublicIP')]",
            "apiVersion": "2015-06-15",
            "name": "[variables('publicIPName')]",
            "type": "Microsoft.Network/publicIPAddresses",
            "location": "[parameters('location')]",
            "properties": {
                "publicIPAllocationMethod": "[variables('publicIPAddressType')]"
            }
            
        },
        {
            "name": "[parameters('virtualMachineName')]",
            "type": "Microsoft.Compute/virtualMachines",
            "apiVersion": "2016-04-30-preview",
            "location": "[parameters('location')]",
            "dependsOn": [
                "[concat('Microsoft.Network/networkInterfaces/', variables('networkInterfaceName'))]"
            ],
            "properties": {
                "osProfile": {
                    "computerName": "[parameters('virtualMachineName')]",
                    "adminUsername": "[parameters('adminUsername')]",
                    "adminPassword": "[parameters('adminPassword')]",
                    "windowsConfiguration": {
                        "provisionVmAgent": "true"
                    }
                },
                "hardwareProfile": {
                    "vmSize": "[parameters('virtualMachineSize')]"
                },
                "storageProfile": {
                    "imageReference": {
                        "publisher": "MicrosoftWindowsServer",
                        "offer": "WindowsServer",
                        "sku": "2016-Datacenter",
                        "version": "latest"
                    },
                    "osDisk": {
                        "createOption": "FromImage",
                        "managedDisk": {
                            "storageAccountType": "Premium_LRS"
                        }
                    },
                    "dataDisks": []
                },
                "networkProfile": {
                    "networkInterfaces": [
                        {
                            "id": "[resourceId('Microsoft.Network/networkInterfaces', variables('networkInterfaceName'))]"
                        }
                    ]
                }
            }
        },
        {
            "name": "[variables('networkInterfaceName')]",
            "type": "Microsoft.Network/networkInterfaces",
            "apiVersion": "2016-09-01",
            "location": "[parameters('location')]",
            "dependsOn": [
                "[concat('Microsoft.Network/publicIPAddresses/',variables('publicIPName'))]"
            ],
            "properties": {
                "ipConfigurations": [
                    {
                        "name": "ipconfig1",
                        "properties": {"subnet": {
                            "id": "[variables('subnetRef')]"
                        },
                        "privateIPAllocationMethod": "Dynamic"
                        ,"publicIPAddress": "[IF(Parameters('addPublicIP'),Variables('publicIP'),Json('null'))]"
                    }
                    }
                ]
            }
        }
    ],
    "outputs": {
        "adminUsername": {
            "type": "string",
            "value": "[parameters('adminUsername')]"
        }
    }
}